DNI,nombre,apellido,edad,genero,ciudad,LU
71779527,Isidro,Blackmuir,66,Male,Jiaoyuan,34978
33865264,Austin,Hatherall,67,Male,Ganhe,51244
17331470,Dayle,Edie,37,Polygender,Melekeok Village,61607
27532732,Edsel,Geroldi,32,Male,Samagaltay,48092
30842249,Jerry,Christol,61,Agender,Idvor,95419
57065298,Ferrel,MacGoun,46,Male,Gradac,80067
22438724,Derek,Von Der Empten,57,Male,Paquera,59652
84076286,Sebastien,Bayle,41,Male,Arroio do Meio,98057
66647912,Shep,Guymer,51,Male,Chilly-Mazarin,43523
91971812,Marijn,Fideler,20,Male,Yinla,34169
90662737,Ronald,Gwalter,52,Polygender,Tomaszw Lubelski,50617
69684172,Padget,Corzon,60,Male,D An,55783
36756785,Lorin,Warhurst,52,Male,Iau,21429
58814096,Mariya,Caney,52,Female,Kabul,30314
90033012,Brenn,Oakeby,29,Female,Vide,51301
25343761,Heather,Grima,63,Female,Sungairaya,10705
24549124,Wenda,Jertz,43,Female,Qiligang,35056
74843661,Fredia,Burgum,47,Female,Rym,41109
62626021,Shanon,Nottram,65,Polygender,Rixi,89001
97757202,Jaye,Boow,31,Agender,Ongandjera,18876
38431533,Kathy,Imm,54,Female,Azilal,90149
71704970,Tye,Hamlen,40,Male,Santiago,79419
72695248,Maggee,Symones,53,Female,Dewetsdorp,39797
91911951,Reese,Dorkins,21,Male,Kumo,26799
13820383,Danica,Stopford,63,Non-binary,Fenghuang,75247
89370812,Stormy,Audrey,26,Female,N,93298
29588318,Lanny,Wybrew,21,Female,Magetlegar,19844
77560472,Gustie,Shenfish,51,Female,Anulid,37972
84969599,Merry,Buglar,56,Female,Guling,51516
17503300,Jonis,Suthren,61,Female,Mainit,35424
92026473,Rochester,O'Heyne,41,Male,Kuliyapitiya,44502
76787321,Reggie,Kubczak,45,Female,Hita,45231
77555326,Thaxter,Noe,20,Male,Zhanjia,56695
64815263,Eddie,Hasted,29,Male,Nelspruit,44599
11962781,Dilly,Cristea,45,Male,Lyamino,96779
36995626,Fancy,Pepys,32,Female,Longquan,62334
99266178,Kean,Lyddiatt,66,Male,Taxisco,95950
57799873,Shurlock,Muat,18,Male,Rƒôczno,15872
67116086,Willabella,Sillett,68,Female,Mafra,45096
12706636,Fredric,Mulhall,70,Genderfluid,Alvalade,79150
88122566,Ashby,Mattiazzo,54,Male,Busalangga,11667
40155130,Stephan,Winspare,62,Male,Ljungby,26013
20916178,Clarissa,Felix,43,Female,Baisha,78149
99497767,Skip,Symper,59,Male,Paris La D√©fense,36340
85171302,Esther,Wellen,37,Female,Don Chedi,51171
39132115,Hulda,Chotty,52,Female,Nguru,57759
79791921,Ronni,Fesby,36,Female,Jawatiwa,10910
54557133,Selby,Druitt,42,Male,Pljevlja,90059
44782708,Ham,Airy,27,Male,Dashtobod,90958
42492247,Bradney,Luety,19,Male,Jinyuan,24861
71854706,Mariejeanne,Pozzo,38,Female,Isak,41387
20642434,Dix,Toolin,69,Female,Nishishinminato,13413
85357204,Robenia,Lowings,39,Female,Tengah,93560
31100797,Lorianna,Verey,41,Female,Monte Novo,70437
23862520,Linette,Dell'Abbate,26,Female,Phon Phisai,90574
72449048,Lorrie,Prozillo,58,Male,Sabi,61993
45421127,Fredi,Jovicevic,48,Female,Fush√´-Muhurr,39711
77945783,Jana,Giacopetti,57,Female,Kwekwe,80375
58310186,Velma,Bullus,48,Female,Sacotes,81551
98182070,Camel,Lorkings,23,Female,Petersfield,24931
64472668,Eldredge,Blenkharn,48,Male,Sophia Antipolis,56614
47936932,Faina,Mewitt,44,Female,Wodzis≈Çaw ≈ölƒÖski,15030
68742850,Cob,Sacase,45,Non-binary,Karukh,65850
67025488,Isis,Siveter,50,Female,Kokk√≥nion,71987
88526208,Ezri,Sebright,31,Male,Mau√°,58517
59239392,Yettie,Rope,41,Female,Zbraslavice,73127
35600736,Aprilette,Broadfield,37,Female,S√°mi,32410
74170593,Spense,Souch,46,Bigender,Burlatskoye,22251
76495775,Elayne,Cullity,18,Female,Albarraque,53245
92997287,Talia,O'Sherin,53,Female,Guisa,10904
17471754,Jaymie,Mammatt,48,Male,Sicheng,80681
67827466,Kiley,Ulyatt,44,Female,Mandala,84033
66195647,Kinny,Heinert,24,Male,Seabra,66275
84454135,Eimile,Normavell,27,Female,Lanas,59247
16768994,Milo,Seamon,24,Male,Haolibao,25789
83678518,Hollis,Etherington,35,Male,Kƒôpno,82077
44708235,Richmound,Monnoyer,56,Male,Paltamo,13007
63974080,Rorie,Molder,39,Female,Avar√©,79204
27652182,Matias,Matokhnin,38,Male,Lobanovo,66739
49014100,Addy,Orrock,27,Genderfluid,Nong Khaem,50096
29292082,Lamond,Ettritch,35,Male,Chong‚Äôansi,99614
21930491,Horatia,Kienl,31,Female,Bascaron,67486
91565586,Kym,Pointin,60,Female,ƒÄrifwƒÅla,64687
45629610,Aaron,Snookes,64,Male,Osek nad Beƒçvou,29661
87684462,Stanfield,Hanhart,62,Male,Z√°kupy,66297
22670848,Hal,Tanby,29,Male,Chilecito,13666
97379322,Gilburt,Kingcote,37,Male,Espargos,74864
92705774,Carlota,Mussett,25,Bigender,Batawa,19081
59323172,Karie,Coppledike,56,Polygender,Kedunglo,28886
26647604,Faun,Quadrio,56,Genderfluid,Naberera,56957
39961032,Krishnah,Goodbar,56,Male,Andekantor,73830
10719241,Hanni,Harrisson,49,Female,Samal,72976
96043915,Valentin,Thireau,62,Male,Huilongshan,61883
39004697,Connor,Train,24,Male,Salon-de-Provence,46140
77644062,Deidre,Pumfrett,39,Female,Destrnik,51513
98281338,Roxanna,Hearfield,50,Female,Chateaubelair,46485
72809474,Patin,Durkin,45,Male,Sakai,75514
80947108,Octavius,Veltmann,21,Male,Sangatta,10383
12950356,Domini,Larderot,70,Female,Mengyin,84506
65674324,Silvie,de Clerk,68,Female,Kudanding,35979
23322529,Sergio,YaÒez,48,Masculino,Rauch,250018
32362231,Nicolas,Carsaniga,30,Masculino,Rauch,250019
24914542,Elva,Kehler,45,Femenino,Rauch,250020
30111285,Hector,Liceaga,32,Masculino,Rauch,250021
